from,to,value,label
1,168,1,STS-95
1,213,1,STS-95
1,217,1,STS-95
1,227,1,STS-95
2,14,1,Gemini-6
2,20,1,Apollo-7
2,24,1,Apollo-7
3,41,1,Apollo-14
3,48,1,Apollo-14
4,14,1,Apollo-Soyuz-Test-Project
4,42,1,Apollo-Soyuz-Test-Project
6,15,1,Gemini-3
7,12,1,Gemini-5
9,10,2,"Apollo-8, Gemini-7"
9,27,1,Apollo-8
10,18,1,Gemini-12
10,27,1,Apollo-8
10,43,1,Apollo-13
10,50,1,Apollo-13
11,16,1,Gemini-4
11,25,1,Apollo-9
11,30,1,Apollo-9
12,17,2,"Apollo-12, Gemini-11"
12,23,1,Apollo-12
12,33,1,Skylab-2
12,45,1,Skylab-2
13,18,1,Apollo-11
13,21,1,Apollo-11
13,25,1,Gemini-8
14,15,1,Apollo-10
14,28,2,"Apollo-10, Gemini-9"
14,42,1,Apollo-Soyuz-Test-Project
15,21,1,Gemini-10
15,28,1,Apollo-10
15,31,1,STS-9
15,52,1,Apollo-16
15,54,1,Apollo-16
15,61,1,STS-9
15,71,1,STS-1
15,91,1,STS-9
17,23,1,Apollo-12
18,21,1,Apollo-11
20,24,1,Apollo-7
23,31,1,Skylab-3
23,53,1,Skylab-3
25,30,1,Apollo-9
25,39,1,Apollo-15
25,44,1,Apollo-15
28,35,1,Apollo-17
28,49,1,Apollo-17
31,53,1,Skylab-3
31,61,1,STS-9
31,91,1,STS-9
33,45,1,Skylab-2
35,49,1,Apollo-17
36,38,1,Skylab-4
36,46,1,Skylab-4
38,46,1,Skylab-4
39,44,1,Apollo-15
40,57,1,STS-51-B
40,69,1,STS-51-B
40,77,1,STS-51-B
40,85,1,STS-51-B
41,48,1,Apollo-14
42,55,1,STS-41-B
42,61,1,STS-35
42,62,1,STS-5
42,63,1,STS-5
42,69,1,STS-5
42,80,1,STS-41-B
42,90,1,STS-35
42,99,1,STS-41-B
42,105,1,STS-41-B
42,116,1,STS-35
42,121,1,STS-35
43,50,1,Apollo-13
45,60,1,STS-6
45,67,1,STS-6
45,73,1,STS-6
47,72,1,STS-2
47,88,1,STS-51-I
47,115,1,STS-51-I
47,116,1,STS-51-I
52,54,1,Apollo-16
53,70,1,STS-3
54,68,1,STS-4
54,89,1,STS-51-C
54,92,1,STS-51-C
54,95,1,STS-51-C
55,80,1,STS-41-B
55,89,1,STS-31
55,99,1,STS-41-B
55,105,1,STS-41-B
55,107,1,STS-31
55,108,1,STS-31
55,117,1,STS-31
56,60,1,STS-51-F
56,66,1,STS-51-F
56,70,1,STS-51-F
56,111,1,STS-51-F
57,69,1,STS-51-B
57,72,1,STS-8
57,77,1,STS-51-B
57,81,1,STS-8
57,83,1,STS-8
57,85,1,STS-51-B
57,101,1,STS-8
60,66,1,STS-51-F
60,67,1,STS-6
60,70,1,STS-51-F
60,73,1,STS-6
60,77,2,"STS-33, STS-44"
60,90,1,STS-61
60,96,1,STS-61
60,110,1,STS-33
60,111,1,STS-51-F
60,132,1,STS-33
60,141,2,"STS-33, STS-61"
60,150,1,STS-44
60,157,1,STS-80
60,158,1,STS-44
60,161,1,STS-61
60,163,1,STS-44
60,171,1,STS-61
60,174,1,STS-80
60,178,1,STS-80
60,203,1,STS-80
61,90,1,STS-35
61,91,1,STS-9
61,116,1,STS-35
61,121,1,STS-35
62,63,1,STS-5
62,69,1,STS-5
62,78,1,STS-51-A
62,87,1,STS-51-A
62,101,1,STS-51-A
62,103,1,STS-51-A
63,69,1,STS-5
66,70,1,STS-51-F
66,111,1,STS-51-F
67,73,1,STS-6
68,81,1,STS-61-A
68,92,1,STS-61-A
68,93,1,STS-41-D
68,94,1,STS-41-D
68,98,1,STS-61-A
68,102,1,STS-41-D
68,108,1,STS-41-D
68,123,1,STS-61-A
69,77,1,STS-51-B
69,85,1,STS-51-B
70,111,1,STS-51-F
71,74,1,STS-7
71,75,1,STS-41-C
71,78,1,STS-7
71,85,1,STS-7
71,86,1,STS-41-G
71,88,1,STS-41-C
71,97,1,STS-41-C
71,104,1,STS-41-C
71,106,2,"STS-41-G, STS-7"
71,107,1,STS-41-G
71,124,1,STS-41-G
72,81,1,STS-8
72,83,1,STS-8
72,101,1,STS-8
73,76,1,STS-51-D
73,79,1,STS-51-D
73,80,1,STS-51-J
73,90,1,STS-51-D
73,100,1,STS-51-D
73,114,1,STS-51-J
73,125,1,STS-51-J
74,78,1,STS-7
74,82,1,STS-51-G
74,83,1,STS-51-G
74,84,1,STS-51-G
74,85,1,STS-7
74,98,1,STS-51-G
74,106,1,STS-7
75,88,1,STS-41-C
75,97,1,STS-41-C
75,104,1,STS-41-C
76,79,1,STS-51-D
76,90,1,STS-51-D
76,100,1,STS-51-D
77,85,1,STS-51-B
77,110,1,STS-33
77,132,1,STS-33
77,141,1,STS-33
77,150,1,STS-44
77,158,1,STS-44
77,163,1,STS-44
78,85,1,STS-7
78,87,1,STS-51-A
78,96,1,STS-26
78,101,1,STS-51-A
78,103,1,STS-51-A
78,104,1,STS-26
78,106,1,STS-7
78,116,1,STS-26
78,125,1,STS-26
79,82,1,STS-34
79,90,1,STS-51-D
79,100,1,STS-51-D
79,126,1,STS-34
79,129,1,STS-34
79,143,1,STS-34
80,99,1,STS-41-B
80,105,1,STS-41-B
80,114,1,STS-51-J
80,125,1,STS-51-J
81,83,1,STS-8
81,87,1,STS-53
81,92,1,STS-61-A
81,94,1,STS-39
81,98,1,STS-61-A
81,101,1,STS-8
81,123,1,STS-61-A
81,130,1,STS-39
81,139,1,STS-39
81,145,1,STS-53
81,156,1,STS-39
81,158,1,STS-53
81,164,1,STS-39
81,169,1,STS-39
81,176,1,STS-53
82,83,1,STS-51-G
82,84,1,STS-51-G
82,98,1,STS-51-G
82,100,1,STS-58
82,110,3,"Mir, STS-43, STS-58"
82,126,1,STS-34
82,129,1,STS-34
82,131,1,STS-43
82,143,1,STS-34
82,144,1,STS-43
82,146,1,STS-79
82,153,1,STS-43
82,161,1,STS-79
82,162,1,STS-79
82,172,1,Mir
82,173,1,STS-79
82,175,1,STS-58
82,181,1,STS-79
82,182,1,STS-58
82,184,1,STS-58
83,84,1,STS-51-G
83,98,1,STS-51-G
83,101,1,STS-8
83,123,1,STS-32
83,136,1,STS-32
83,141,1,STS-49
83,142,1,STS-32
83,144,1,STS-32
83,154,1,STS-49
83,156,1,STS-49
83,159,1,STS-49
83,161,1,STS-49
83,166,1,STS-49
84,92,1,STS-48
84,93,1,STS-36
84,98,1,STS-51-G
84,125,1,STS-36
84,128,1,STS-36
84,138,1,STS-48
84,154,1,STS-36
84,155,1,STS-48
84,160,1,STS-48
85,87,1,STS-30
85,99,1,STS-71
85,106,1,STS-7
85,114,2,"STS-30, STS-42"
85,120,1,STS-30
85,123,1,STS-71
85,125,1,STS-42
85,140,1,STS-30
85,143,1,STS-71
85,148,1,STS-42
85,162,1,STS-42
85,169,1,STS-71
85,180,1,STS-71
86,106,1,STS-41-G
86,107,1,STS-41-G
86,124,1,STS-41-G
87,101,1,STS-51-A
87,103,1,STS-51-A
87,114,1,STS-30
87,120,1,STS-30
87,140,1,STS-30
87,145,1,STS-53
87,158,2,"STS-53, STS-69"
87,174,1,STS-69
87,176,1,STS-53
87,187,1,STS-69
87,202,1,STS-69
88,97,1,STS-41-C
88,104,1,STS-41-C
88,115,1,STS-51-I
88,116,1,STS-51-I
89,90,1,STS-46
89,92,1,STS-51-C
89,95,1,STS-51-C
89,107,1,STS-31
89,108,1,STS-31
89,117,1,STS-31
89,126,1,STS-46
89,136,1,STS-46
89,167,1,STS-46
90,96,1,STS-61
90,100,1,STS-51-D
90,116,1,STS-35
90,121,1,STS-35
90,126,2,"STS-46, STS-75"
90,136,1,STS-46
90,141,1,STS-61
90,161,1,STS-61
90,167,2,"STS-46, STS-75"
90,171,1,STS-61
90,205,1,STS-75
91,112,1,STS-61-B
91,118,1,STS-28
91,119,1,STS-61-B
91,120,1,STS-61-B
91,122,1,STS-61-B
91,124,1,STS-28
91,131,1,STS-28
91,138,1,STS-28
92,94,1,STS-29
92,95,1,STS-51-C
92,98,1,STS-61-A
92,109,1,STS-29
92,110,1,STS-29
92,123,1,STS-61-A
92,127,1,STS-29
92,138,1,STS-48
92,155,1,STS-48
92,160,1,STS-48
93,94,1,STS-41-D
93,99,1,STS-27
93,102,1,STS-41-D
93,108,1,STS-41-D
93,121,1,STS-27
93,122,1,STS-27
93,125,1,STS-36
93,128,1,STS-36
93,154,1,STS-36
94,102,1,STS-41-D
94,108,1,STS-41-D
94,109,1,STS-29
94,110,1,STS-29
94,127,1,STS-29
94,130,1,STS-39
94,139,1,STS-39
94,156,1,STS-39
94,164,1,STS-39
94,169,1,STS-39
96,104,1,STS-26
96,109,1,STS-38
96,116,1,STS-26
96,125,1,STS-26
96,133,1,STS-38
96,141,1,STS-61
96,147,1,STS-38
96,155,1,STS-38
96,161,1,STS-61
96,171,1,STS-61
97,104,1,STS-41-C
98,122,2,"STS-37, STS-55"
98,123,1,STS-61-A
98,134,1,STS-37
98,135,1,STS-37
98,146,1,STS-37
98,149,1,STS-37
98,150,1,STS-55
98,180,1,STS-55
98,183,1,STS-55
99,104,1,STS-61-C
99,105,1,STS-41-B
99,108,1,STS-61-C
99,121,1,STS-27
99,122,1,STS-27
99,123,1,STS-71
99,126,1,STS-61-C
99,140,1,STS-47
99,143,1,STS-71
99,146,1,STS-47
99,165,1,STS-47
99,168,1,STS-47
99,169,1,STS-71
99,170,1,STS-47
99,180,1,STS-71
100,110,1,STS-58
100,119,1,STS-40
100,127,1,STS-40
100,137,1,STS-40
100,157,1,STS-40
100,175,1,STS-58
100,182,1,STS-58
100,184,1,STS-58
101,103,1,STS-51-A
102,108,1,STS-41-D
104,108,1,STS-61-C
104,116,1,STS-26
104,125,1,STS-26
104,126,1,STS-61-C
106,107,1,STS-41-G
106,124,1,STS-41-G
107,108,1,STS-31
107,117,2,"STS-31, STS-45"
107,124,2,"STS-41-G, STS-45"
107,152,1,STS-45
107,172,1,STS-45
108,117,1,STS-31
108,126,1,STS-61-C
108,140,1,STS-82
108,169,1,STS-82
108,171,1,STS-82
108,194,1,STS-93
108,196,1,STS-82
108,205,1,STS-82
108,210,1,STS-82
108,212,1,STS-93
108,216,1,STS-93
109,110,1,STS-29
109,127,1,STS-29
109,133,1,STS-38
109,147,1,STS-38
109,155,1,STS-38
110,127,1,STS-29
110,131,1,STS-43
110,132,1,STS-33
110,136,1,STS-81
110,141,1,STS-33
110,144,1,STS-43
110,153,2,"STS-43, STS-81"
110,172,1,Mir
110,175,1,STS-58
110,182,1,STS-58
110,184,1,STS-58
110,192,1,STS-81
110,201,1,STS-81
110,208,1,STS-81
110,209,1,STS-81
112,119,1,STS-61-B
112,120,1,STS-61-B
112,122,1,STS-61-B
114,120,1,STS-30
114,125,2,"STS-42, STS-51-J"
114,140,1,STS-30
114,144,1,STS-57
114,148,1,STS-42
114,152,1,STS-57
114,162,1,STS-42
114,186,1,STS-57
114,192,1,STS-57
114,193,1,STS-57
115,116,1,STS-51-I
116,121,1,STS-35
116,125,1,STS-26
117,124,1,STS-45
117,126,1,STS-60
117,152,1,STS-45
117,160,1,STS-60
117,165,1,STS-60
117,172,1,STS-45
117,177,1,STS-60
118,123,1,STS-50
118,124,1,STS-28
118,131,1,STS-28
118,134,1,STS-41
118,138,1,STS-28
118,139,1,STS-64
118,140,1,STS-64
118,143,1,STS-50
118,145,1,STS-41
118,147,2,"STS-50, STS-64"
118,159,1,STS-41
118,161,1,STS-41
118,171,1,STS-50
118,190,1,STS-64
118,201,1,STS-64
119,120,1,STS-61-B
119,122,1,STS-61-B
119,127,1,STS-40
119,137,1,STS-40
119,157,1,STS-40
120,122,1,STS-61-B
120,140,1,STS-30
121,122,1,STS-27
122,134,1,STS-37
122,135,2,"STS-37, STS-74"
122,145,1,STS-88
122,146,1,STS-37
122,149,1,STS-37
122,150,1,STS-55
122,175,1,STS-74
122,180,1,STS-55
122,183,1,STS-55
122,185,1,STS-74
122,187,1,STS-88
122,191,1,STS-110
122,193,1,STS-88
122,210,1,STS-110
122,221,1,STS-110
122,229,1,STS-88
122,236,1,STS-110
122,255,1,STS-110
122,258,1,STS-110
123,136,1,STS-32
123,142,1,STS-32
123,143,2,"STS-50, STS-71"
123,144,1,STS-32
123,147,1,STS-50
123,169,1,STS-71
123,171,1,STS-50
123,173,1,STS-89
123,180,1,STS-71
123,199,1,STS-89
123,215,1,STS-89
123,220,1,STS-89
123,226,1,STS-89
124,131,1,STS-28
124,138,1,STS-28
124,152,1,STS-45
124,172,1,STS-45
125,128,1,STS-36
125,148,1,STS-42
125,154,1,STS-36
125,162,1,STS-42
126,129,1,STS-34
126,136,1,STS-46
126,143,1,STS-34
126,160,1,STS-60
126,165,1,STS-60
126,167,2,"STS-46, STS-75"
126,174,1,STS-111
126,177,1,STS-60
126,180,1,STS-91
126,181,1,STS-111
126,189,1,STS-111
126,205,1,STS-75
126,211,1,STS-91
126,218,1,STS-91
126,222,1,STS-91
126,240,1,STS-111
127,137,1,STS-40
127,157,1,STS-40
128,136,1,STS-62
128,154,2,"STS-36, STS-62"
128,155,1,STS-62
128,163,2,"STS-54, STS-77"
128,164,1,STS-54
128,167,1,STS-62
128,168,1,STS-77
128,169,1,STS-54
128,189,1,STS-77
128,190,1,STS-54
128,199,1,STS-77
129,143,1,STS-34
130,134,1,STS-52
130,139,1,STS-39
130,142,1,STS-52
130,153,1,STS-52
130,156,1,STS-39
130,157,1,STS-52
130,164,1,STS-39
130,169,1,STS-39
131,138,1,STS-28
131,144,1,STS-43
131,153,1,STS-43
132,141,1,STS-33
133,147,1,STS-38
133,149,1,STS-108
133,155,1,STS-38
133,162,1,STS-51
133,181,1,STS-51
133,187,1,STS-51
133,189,1,STS-51
133,218,1,STS-108
133,251,1,STS-108
133,261,1,STS-108
134,135,1,STS-37
134,142,2,"STS-102, STS-52"
134,145,1,STS-41
134,146,1,STS-37
134,149,1,STS-37
134,153,1,STS-52
134,157,1,STS-52
134,159,1,STS-41
134,161,1,STS-41
134,199,1,STS-102
134,263,1,STS-102
134,264,1,STS-102
135,146,1,STS-37
135,148,1,STS-56
135,149,1,STS-37
135,172,1,STS-56
135,174,1,STS-56
135,175,1,STS-74
135,185,1,STS-74
135,191,1,STS-56
136,142,1,STS-32
136,144,1,STS-32
136,153,1,STS-81
136,154,1,STS-62
136,155,1,STS-62
136,157,1,STS-98
136,167,2,"STS-46, STS-62"
136,174,1,STS-98
136,178,1,STS-98
136,192,1,STS-81
136,201,1,STS-81
136,208,1,STS-81
136,209,1,STS-81
136,232,1,STS-98
136,241,1,STS-98
137,146,1,STS-59
137,149,1,STS-59
137,157,1,STS-40
137,166,1,STS-59
137,176,1,STS-59
137,178,1,STS-59
138,155,1,STS-48
138,160,1,STS-48
139,140,1,STS-64
139,147,1,STS-64
139,156,1,STS-39
139,164,1,STS-39
139,169,1,STS-39
139,190,1,STS-64
139,201,1,STS-64
140,146,1,STS-47
140,147,1,STS-64
140,165,1,STS-47
140,168,1,STS-47
140,169,1,STS-82
140,170,1,STS-47
140,171,1,STS-82
140,190,1,STS-64
140,196,1,STS-82
140,201,1,STS-64
140,205,1,STS-82
140,210,1,STS-82
141,154,1,STS-49
141,156,1,STS-49
141,159,1,STS-49
141,161,2,"STS-49, STS-61"
141,166,1,STS-49
141,171,2,"STS-61, STS-73"
141,203,1,STS-73
141,207,1,STS-73
141,212,1,STS-73
142,144,1,STS-32
142,153,1,STS-52
142,157,1,STS-52
142,172,2,"STS-63, STS-86"
142,183,1,STS-63
142,186,1,STS-63
142,194,1,STS-63
142,199,1,STS-102
142,207,1,STS-113
142,211,1,STS-86
142,213,1,STS-86
142,221,1,STS-86
142,238,1,STS-113
142,240,1,STS-113
142,246,1,STS-113
142,248,1,STS-113
142,263,1,STS-102
142,264,1,STS-102
143,147,1,STS-50
143,169,1,STS-71
143,171,1,STS-50
143,180,1,STS-71
144,152,1,STS-57
144,153,1,STS-43
144,186,1,STS-57
144,192,1,STS-57
144,193,1,STS-57
145,156,1,STS-65
145,158,1,STS-53
145,159,1,STS-41
145,161,1,STS-41
145,176,1,STS-53
145,179,1,STS-65
145,181,1,STS-65
145,185,1,STS-65
145,187,1,STS-88
145,193,1,STS-88
145,195,1,STS-65
145,229,1,STS-88
146,149,2,"STS-37, STS-59"
146,161,1,STS-79
146,162,1,STS-79
146,165,1,STS-47
146,166,1,STS-59
146,168,1,STS-47
146,170,1,STS-47
146,173,1,STS-79
146,176,1,STS-59
146,178,1,STS-59
146,181,1,STS-79
147,155,1,STS-38
147,171,1,STS-50
147,190,1,STS-64
147,201,1,STS-64
148,157,1,STS-67
148,162,1,STS-42
148,172,1,STS-56
148,174,1,STS-56
148,188,1,STS-67
148,191,1,STS-56
148,209,1,STS-67
148,211,1,STS-67
149,166,2,"STS-59, STS-76"
149,176,2,"STS-59, STS-76"
149,177,1,STS-76
149,178,1,STS-59
149,182,1,STS-76
149,218,1,STS-108
149,251,1,STS-108
149,261,1,STS-108
150,158,1,STS-44
150,163,1,STS-44
150,179,1,STS-70
150,180,1,STS-55
150,183,1,STS-55
150,190,1,STS-78
150,193,1,STS-70
150,198,1,STS-78
150,204,2,"STS-70, STS-78"
150,206,1,STS-78
150,214,1,STS-70
152,172,1,STS-45
152,175,1,STS-92
152,186,1,STS-57
152,192,2,"STS-57, STS-92"
152,193,1,STS-57
152,195,2,"STS-72, STS-92"
152,197,1,STS-72
152,200,1,STS-72
152,207,1,STS-92
152,208,1,STS-72
152,230,1,STS-92
153,157,1,STS-52
153,173,1,STS-68
153,178,1,STS-68
153,189,1,STS-68
153,192,2,"STS-68, STS-81"
153,201,1,STS-81
153,208,1,STS-81
153,209,1,STS-81
153,210,1,STS-68
154,155,1,STS-62
154,156,1,STS-49
154,159,1,STS-49
154,161,1,STS-49
154,166,1,STS-49
154,167,1,STS-62
155,160,1,STS-48
155,167,1,STS-62
156,159,1,STS-49
156,161,1,STS-49
156,164,1,STS-39
156,166,1,STS-49
156,169,1,STS-39
156,179,1,STS-65
156,181,1,STS-65
156,185,1,STS-65
156,195,1,STS-65
157,174,2,"STS-80, STS-98"
157,178,2,"STS-80, STS-98"
157,188,1,STS-67
157,203,1,STS-80
157,209,1,STS-67
157,211,1,STS-67
157,232,1,STS-98
157,241,1,STS-98
158,163,1,STS-44
158,174,1,STS-69
158,176,1,STS-53
158,185,1,STS-101
158,187,1,STS-69
158,190,1,STS-101
158,202,1,STS-69
158,205,1,STS-101
158,214,1,STS-101
158,244,1,STS-101
159,161,2,"STS-41, STS-49"
159,166,1,STS-49
160,165,1,STS-60
160,177,1,STS-60
161,162,1,STS-79
161,166,1,STS-49
161,171,1,STS-61
161,173,1,STS-79
161,181,1,STS-79
162,173,1,STS-79
162,181,2,"STS-51, STS-79"
162,187,1,STS-51
162,189,1,STS-51
163,164,1,STS-54
163,168,1,STS-77
163,169,1,STS-54
163,189,1,STS-77
163,190,1,STS-54
163,199,1,STS-77
164,168,1,STS-66
164,169,2,"STS-39, STS-54"
164,190,1,STS-54
164,191,1,STS-66
164,196,1,STS-66
164,213,1,STS-66
165,168,2,"STS-47, STS-85"
165,170,1,STS-47
165,177,1,STS-60
165,203,1,STS-85
165,217,1,STS-85
165,232,1,STS-85
166,176,2,"STS-59, STS-76"
166,177,1,STS-76
166,178,1,STS-59
166,182,1,STS-76
167,205,1,STS-75
168,170,1,STS-47
168,172,1,STS-103
168,189,1,STS-77
168,191,1,STS-66
168,196,1,STS-66
168,199,1,STS-77
168,203,1,STS-85
168,209,1,STS-103
168,210,1,STS-103
168,213,2,"STS-66, STS-95"
168,217,2,"STS-85, STS-95"
168,227,1,STS-95
168,232,1,STS-85
168,262,1,STS-103
169,171,1,STS-82
169,180,1,STS-71
169,190,1,STS-54
169,196,1,STS-82
169,205,1,STS-82
169,210,1,STS-82
171,196,1,STS-82
171,203,1,STS-73
171,205,1,STS-82
171,207,1,STS-73
171,210,1,STS-82
171,212,1,STS-73
172,174,1,STS-56
172,183,1,STS-63
172,186,1,STS-63
172,191,1,STS-56
172,194,1,STS-63
172,209,1,STS-103
172,210,1,STS-103
172,211,1,STS-86
172,213,1,STS-86
172,221,1,STS-86
172,262,1,STS-103
173,178,1,STS-68
173,181,1,STS-79
173,189,1,STS-68
173,192,1,STS-68
173,199,1,STS-89
173,210,1,STS-68
173,215,1,STS-89
173,220,1,STS-89
173,223,1,STS-106
173,226,1,STS-89
173,233,1,STS-106
173,249,1,STS-106
173,253,1,STS-106
174,178,2,"STS-80, STS-98"
174,181,1,STS-111
174,187,1,STS-69
174,189,1,STS-111
174,191,1,STS-56
174,202,1,STS-69
174,203,1,STS-80
174,232,1,STS-98
174,240,1,STS-111
174,241,1,STS-98
175,182,1,STS-58
175,184,1,STS-58
175,185,1,STS-74
175,192,1,STS-92
175,195,1,STS-92
175,207,1,STS-92
175,230,1,STS-92
176,177,1,STS-76
176,178,1,STS-59
176,182,1,STS-76
177,182,1,STS-76
178,189,1,STS-68
178,192,1,STS-68
178,203,1,STS-80
178,210,1,STS-68
178,232,1,STS-98
178,241,1,STS-98
179,181,1,STS-65
179,185,3,"STS-65, STS-83, STS-94"
179,186,2,"STS-83, STS-94"
179,193,1,STS-70
179,195,1,STS-65
179,202,2,"STS-83, STS-94"
179,204,1,STS-70
179,214,1,STS-70
179,231,2,"STS-83, STS-94"
180,183,1,STS-55
180,194,1,STS-84
180,211,1,STS-91
180,218,1,STS-91
180,222,1,STS-91
180,225,1,STS-84
180,233,1,STS-84
181,185,1,STS-65
181,187,1,STS-51
181,189,2,"STS-111, STS-51"
181,195,1,STS-65
181,240,1,STS-111
182,184,1,STS-58
182,206,1,STS-90
182,223,1,STS-90
182,224,1,STS-90
183,186,1,STS-63
183,194,1,STS-63
184,216,1,STS-112
184,230,1,STS-112
184,237,1,STS-112
184,266,1,STS-112
185,186,2,"STS-83, STS-94"
185,190,1,STS-101
185,195,1,STS-65
185,202,2,"STS-83, STS-94"
185,205,1,STS-101
185,214,1,STS-101
185,231,2,"STS-83, STS-94"
185,244,1,STS-101
186,192,1,STS-57
186,193,1,STS-57
186,194,1,STS-63
186,202,2,"STS-83, STS-94"
186,204,1,STS-99
186,218,1,STS-99
186,222,1,STS-99
186,231,2,"STS-83, STS-94"
187,189,1,STS-51
187,193,2,"STS-109, STS-88"
187,202,1,STS-69
187,206,1,STS-109
187,209,1,STS-109
187,223,1,STS-109
187,229,1,STS-88
187,243,1,STS-109
187,257,1,STS-109
188,209,1,STS-67
188,211,1,STS-67
189,192,1,STS-68
189,199,1,STS-77
189,210,1,STS-68
189,240,1,STS-111
190,198,1,STS-78
190,200,1,STS-105
190,201,1,STS-64
190,204,1,STS-78
190,205,2,"STS-101, STS-105"
190,206,1,STS-78
190,214,1,STS-101
190,229,1,STS-105
190,242,1,STS-105
190,244,1,STS-101
191,196,1,STS-66
191,200,1,STS-96
191,203,1,STS-96
191,210,1,STS-110
191,213,1,STS-66
191,219,1,STS-96
191,221,1,STS-110
191,236,1,STS-110
191,255,1,STS-110
191,258,1,STS-110
192,193,1,STS-57
192,195,1,STS-92
192,201,1,STS-81
192,207,1,STS-92
192,208,1,STS-81
192,209,1,STS-81
192,210,1,STS-68
192,230,1,STS-92
193,204,1,STS-70
193,206,1,STS-109
193,209,1,STS-109
193,214,1,STS-70
193,223,1,STS-109
193,229,1,STS-88
193,243,1,STS-109
193,257,1,STS-109
194,199,1,STS-114
194,211,1,STS-114
194,212,1,STS-93
194,216,1,STS-93
194,217,1,STS-114
194,225,1,STS-84
194,233,1,STS-84
194,235,1,STS-114
194,263,1,STS-114
195,197,1,STS-72
195,200,1,STS-72
195,207,1,STS-92
195,208,1,STS-72
195,230,1,STS-92
196,205,1,STS-82
196,208,2,"STS-115, STS-97"
196,210,1,STS-82
196,213,1,STS-66
196,221,1,STS-97
196,225,1,STS-97
196,253,1,STS-115
196,259,1,STS-115
196,278,1,STS-115
197,200,1,STS-72
197,204,1,STS-87
197,208,1,STS-72
197,227,1,STS-87
197,228,1,STS-87
198,204,1,STS-78
198,206,1,STS-78
199,211,1,STS-114
199,215,1,STS-89
199,217,1,STS-114
199,220,1,STS-89
199,226,1,STS-89
199,235,1,STS-114
199,263,2,"STS-102, STS-114"
199,264,1,STS-102
200,203,1,STS-96
200,205,1,STS-105
200,208,1,STS-72
200,219,1,STS-96
200,229,1,STS-105
200,242,1,STS-105
201,208,1,STS-81
201,209,1,STS-81
202,215,1,STS-104
202,222,1,STS-104
202,227,1,STS-104
202,231,2,"STS-83, STS-94"
202,256,1,STS-104
203,207,1,STS-73
203,212,1,STS-73
203,213,1,STS-100
203,216,1,STS-100
203,217,1,STS-85
203,219,1,STS-96
203,232,1,STS-85
203,234,1,STS-100
204,206,1,STS-78
204,214,1,STS-70
204,218,1,STS-99
204,222,1,STS-99
204,227,1,STS-87
204,228,1,STS-87
205,210,1,STS-82
205,214,1,STS-101
205,229,1,STS-105
205,242,1,STS-105
205,244,1,STS-101
206,209,1,STS-109
206,218,1,STS-123
206,223,2,"STS-109, STS-90"
206,224,1,STS-90
206,243,1,STS-109
206,257,1,STS-109
206,271,1,STS-123
206,280,1,STS-123
206,292,1,STS-123
206,309,1,STS-123
207,212,1,STS-73
207,230,1,STS-92
207,238,1,STS-113
207,240,1,STS-113
207,246,1,STS-113
207,248,1,STS-113
208,209,1,STS-81
208,221,1,STS-97
208,225,1,STS-97
208,253,1,STS-115
208,259,1,STS-115
208,278,1,STS-115
209,210,1,STS-103
209,211,1,STS-67
209,223,2,"STS-109, STS-125"
209,243,1,STS-109
209,257,2,"STS-109, STS-125"
209,262,1,STS-103
209,270,1,STS-125
209,297,1,STS-125
209,304,1,STS-125
209,310,1,STS-125
210,221,1,STS-110
210,236,1,STS-110
210,255,1,STS-110
210,258,1,STS-110
210,262,1,STS-103
211,213,1,STS-86
211,217,1,STS-114
211,218,1,STS-91
211,221,1,STS-86
211,222,1,STS-91
211,235,1,STS-114
211,263,1,STS-114
212,216,1,STS-93
213,216,1,STS-100
213,217,1,STS-95
213,221,1,STS-86
213,227,1,STS-95
213,230,1,STS-120
213,234,1,STS-100
213,267,1,STS-120
213,275,1,STS-120
213,281,1,STS-120
214,244,1,STS-101
215,220,1,STS-89
215,222,1,STS-104
215,226,1,STS-89
215,227,1,STS-104
215,229,1,STS-117
215,242,1,STS-117
215,256,1,STS-104
215,273,1,STS-117
215,276,1,STS-117
215,277,1,STS-117
215,291,1,STS-117
216,230,1,STS-112
216,234,1,STS-100
216,237,1,STS-112
216,266,1,STS-112
217,224,1,STS-130
217,227,1,STS-95
217,232,1,STS-85
217,235,1,STS-114
217,263,1,STS-114
217,281,1,STS-130
217,286,1,STS-130
217,307,1,STS-130
217,309,1,STS-130
218,222,2,"STS-91, STS-99"
218,251,1,STS-108
218,261,1,STS-108
218,271,1,STS-123
218,280,1,STS-123
218,292,1,STS-123
218,309,1,STS-123
219,226,1,STS-107
219,228,1,STS-107
219,239,1,STS-107
219,252,1,STS-107
219,254,1,STS-107
220,226,1,STS-89
221,225,1,STS-97
221,236,1,STS-110
221,255,1,STS-110
221,258,1,STS-110
222,227,1,STS-104
222,256,1,STS-104
223,224,1,STS-90
223,233,1,STS-106
223,243,1,STS-109
223,249,1,STS-106
223,253,1,STS-106
223,257,2,"STS-109, STS-125"
223,270,1,STS-125
223,297,1,STS-125
223,304,1,STS-125
223,310,1,STS-125
224,281,1,STS-130
224,286,1,STS-130
224,307,1,STS-130
224,309,1,STS-130
225,233,1,STS-84
226,228,1,STS-107
226,239,1,STS-107
226,252,1,STS-107
226,254,1,STS-107
227,228,1,STS-87
227,237,1,STS-121
227,256,1,STS-104
227,260,1,STS-121
227,261,1,STS-121
227,267,1,STS-121
227,272,1,STS-121
227,294,1,STS-133
227,298,1,STS-133
227,299,1,STS-133
227,302,1,STS-133
227,303,1,STS-133
228,239,1,STS-107
228,252,1,STS-107
228,254,1,STS-107
229,242,3,"STS-105, STS-117, STS-128"
229,273,1,STS-117
229,276,1,STS-117
229,277,1,STS-117
229,291,2,"STS-117, STS-128"
229,295,1,STS-128
229,299,1,STS-128
229,312,1,STS-128
230,237,1,STS-112
230,266,1,STS-112
230,267,1,STS-120
230,275,1,STS-120
230,281,1,STS-120
232,241,2,"STS-116, STS-98"
232,265,1,STS-116
232,286,1,STS-116
232,288,1,STS-116
232,290,1,STS-116
233,249,1,STS-106
233,253,1,STS-106
234,276,1,STS-119
234,277,1,STS-119
234,313,1,STS-119
234,316,1,STS-119
235,263,1,STS-114
236,255,1,STS-110
236,258,1,STS-110
237,260,1,STS-121
237,261,1,STS-121
237,266,1,STS-112
237,267,1,STS-121
237,272,1,STS-121
237,287,1,STS-132
237,292,1,STS-132
237,297,1,STS-132
237,302,1,STS-132
237,306,1,STS-132
238,240,1,STS-113
238,246,1,STS-113
238,248,1,STS-113
238,259,1,STS-126
238,266,1,STS-126
238,278,1,STS-126
238,302,1,STS-126
238,303,1,STS-126
238,317,1,STS-126
239,252,1,STS-107
239,254,1,STS-107
240,246,1,STS-113
240,248,1,STS-113
241,265,1,STS-116
241,286,1,STS-116
241,288,1,STS-116
241,290,1,STS-116
241,301,1,STS-127
241,305,1,STS-127
241,311,1,STS-127
241,320,1,STS-127
242,273,1,STS-117
242,276,1,STS-117
242,277,1,STS-117
242,291,2,"STS-117, STS-128"
242,295,1,STS-128
242,299,1,STS-128
242,312,1,STS-128
243,257,1,STS-109
246,248,1,STS-113
249,253,1,STS-106
249,256,1,STS-118
249,262,1,STS-118
249,267,1,STS-131
249,269,1,STS-118
249,273,1,STS-131
249,279,1,STS-131
249,293,1,STS-118
249,298,1,STS-118
249,319,1,STS-131
249,321,1,STS-131
251,255,1,STS-122
251,258,1,STS-122
251,261,1,STS-108
251,279,1,STS-122
251,285,1,STS-122
251,289,1,STS-122
252,254,1,STS-107
253,259,1,STS-115
253,278,1,STS-115
255,258,2,"STS-110, STS-122"
255,279,1,STS-122
255,285,1,STS-122
255,289,1,STS-122
256,262,1,STS-118
256,269,1,STS-118
256,271,1,STS-129
256,285,1,STS-129
256,293,1,STS-118
256,298,1,STS-118
256,300,1,STS-129
256,315,1,STS-129
256,318,1,STS-129
257,270,1,STS-125
257,297,1,STS-125
257,304,1,STS-125
257,310,1,STS-125
258,279,1,STS-122
258,285,1,STS-122
258,289,1,STS-122
259,266,1,STS-126
259,278,2,"STS-115, STS-126"
259,302,1,STS-126
259,303,1,STS-126
259,317,1,STS-126
260,261,1,STS-121
260,267,1,STS-121
260,272,1,STS-121
261,267,1,STS-121
261,272,2,"STS-121, STS-124"
261,283,1,STS-124
261,287,1,STS-124
261,296,1,STS-124
261,308,1,STS-124
262,269,1,STS-118
262,293,1,STS-118
262,298,1,STS-118
263,264,1,STS-102
265,286,1,STS-116
265,288,1,STS-116
265,290,1,STS-116
266,278,1,STS-126
266,302,1,STS-126
266,303,1,STS-126
266,317,1,STS-126
267,272,1,STS-121
267,273,1,STS-131
267,275,1,STS-120
267,279,1,STS-131
267,281,1,STS-120
267,319,1,STS-131
267,321,1,STS-131
268,283,1,Exp-18
268,304,1,STS-134
269,293,1,STS-118
269,298,1,STS-118
270,297,1,STS-125
270,304,1,STS-125
270,310,1,STS-125
271,280,1,STS-123
271,285,1,STS-129
271,292,1,STS-123
271,300,1,STS-129
271,309,1,STS-123
271,315,1,STS-129
271,318,1,STS-129
272,283,1,STS-124
272,287,1,STS-124
272,296,1,STS-124
272,308,1,STS-124
273,276,1,STS-117
273,277,1,STS-117
273,279,1,STS-131
273,291,1,STS-117
273,319,1,STS-131
273,321,1,STS-131
275,281,1,STS-120
276,277,2,"STS-117, STS-119"
276,291,1,STS-117
276,313,1,STS-119
276,316,1,STS-119
277,291,1,STS-117
277,313,1,STS-119
277,316,1,STS-119
278,302,1,STS-126
278,303,1,STS-126
278,317,1,STS-126
279,285,1,STS-122
279,289,1,STS-122
279,319,1,STS-131
279,321,1,STS-131
280,292,1,STS-123
280,309,1,STS-123
281,286,1,STS-130
281,307,1,STS-130
281,309,1,STS-130
283,287,1,STS-124
283,296,1,STS-124
283,308,1,STS-124
285,289,1,STS-122
285,300,1,STS-129
285,315,1,STS-129
285,318,1,STS-129
286,288,1,STS-116
286,290,1,STS-116
286,307,1,STS-130
286,309,1,STS-130
287,292,1,STS-132
287,296,1,STS-124
287,297,1,STS-132
287,302,1,STS-132
287,306,1,STS-132
287,308,1,STS-124
288,290,1,STS-116
291,295,1,STS-128
291,299,1,STS-128
291,312,1,STS-128
292,297,1,STS-132
292,302,1,STS-132
292,306,1,STS-132
292,309,1,STS-123
293,298,1,STS-118
294,298,1,STS-133
294,299,1,STS-133
294,302,1,STS-133
294,303,1,STS-133
295,299,1,STS-128
295,312,1,STS-128
296,308,1,STS-124
297,302,1,STS-132
297,304,1,STS-125
297,306,1,STS-132
297,310,1,STS-125
298,299,1,STS-133
298,302,1,STS-133
298,303,1,STS-133
299,302,1,STS-133
299,303,1,STS-133
299,312,1,STS-128
300,315,1,STS-129
300,318,1,STS-129
301,305,1,STS-127
301,311,1,STS-127
301,320,1,STS-127
302,303,2,"STS-126, STS-133"
302,306,1,STS-132
302,317,1,STS-126
303,317,1,STS-126
304,310,1,STS-125
305,311,1,STS-127
305,320,1,STS-127
307,309,1,STS-130
311,320,1,STS-127
313,316,1,STS-119
315,318,1,STS-129
319,321,1,STS-131
